-- 0010_seed_config.sql
-- Seed de tabelas de configuracao/referencia (sem dados pessoais/transacionais).
-- Regenerado em 2026-07-07: inclui categorias e base_premiacao ANTES de formulas_calculo (dependencia de FK).
-- NAO inclui funcionarios, usuarios, faltas, epi, dss, producao, indicadores, resultados (dados sensiveis/transacionais).
-- Esses devem vir de uma migracao de dados controlada (--data-only) do projeto atual.

-- concremrh_hr_applications (3 linhas)
insert into public.concremrh_hr_applications (id, code, name, description, icon, color, route, is_active, display_order, created_at, updated_at) values ('72cbc6fb-d7b8-45d2-89e1-acdd011b3147', 'premiacoes', 'Premiações', 'Sistema de controle e gestão de premiações', 'Trophy', '#10b981', '/premiacoes', true, 1, '2026-03-23T18:52:45.208Z', '2026-03-23T18:52:45.208Z') on conflict (id) do nothing;
insert into public.concremrh_hr_applications (id, code, name, description, icon, color, route, is_active, display_order, created_at, updated_at) values ('858cd5ec-9214-4c83-adb1-2248e709eb99', 'cargos_salarios', 'Cargos e Salários', 'Gestão de cargos e estrutura salarial', 'Briefcase', '#3b82f6', '/cargos-salarios', true, 2, '2026-03-23T18:52:45.208Z', '2026-03-23T18:52:45.208Z') on conflict (id) do nothing;
insert into public.concremrh_hr_applications (id, code, name, description, icon, color, route, is_active, display_order, created_at, updated_at) values ('fb71c469-4325-4626-8fb8-a4f232d194a7', 'indicadores_rh', 'Indicadores RH', 'Análise e acompanhamento de indicadores de RH', 'BarChart3', '#8b5cf6', '/indicadores-rh', true, 3, '2026-03-23T18:52:45.208Z', '2026-03-23T18:52:45.208Z') on conflict (id) do nothing;

-- concremrh_tipos_indicadores (5 linhas)
insert into public.concremrh_tipos_indicadores (id, codigo, nome, descricao, ativo, created_at, updated_at) values ('17650398-8068-430b-a18e-13c05ae33a42', 'ID', 'Identificação Não Conformidades', 'Indicador para controle de identificação de não conformidades', true, '2026-03-23T18:52:45.208Z', '2026-03-23T18:52:45.208Z') on conflict (id) do nothing;
insert into public.concremrh_tipos_indicadores (id, codigo, nome, descricao, ativo, created_at, updated_at) values ('1e4f189c-8d01-4165-8c9b-6b34df548175', 'OPC', 'Operação Segura', 'Indicador de operações seguras realizadas', true, '2026-03-23T18:52:45.208Z', '2026-03-23T18:52:45.208Z') on conflict (id) do nothing;
insert into public.concremrh_tipos_indicadores (id, codigo, nome, descricao, ativo, created_at, updated_at) values ('5c74a96b-fc73-43a0-86ad-841093a28980', 'NC', 'Tratamento Não Conformidades', 'Indicador para controle de tratamento de não conformidades', true, '2026-03-23T18:52:45.208Z', '2026-03-23T18:52:45.208Z') on conflict (id) do nothing;
insert into public.concremrh_tipos_indicadores (id, codigo, nome, descricao, ativo, created_at, updated_at) values ('8b5d3b0e-1e4f-4f24-b6cd-95c5dd92f0a0', 'L', 'Limpeza', 'Indicador de controle de limpeza e organização', true, '2026-03-23T18:52:45.208Z', '2026-03-23T18:52:45.208Z') on conflict (id) do nothing;
insert into public.concremrh_tipos_indicadores (id, codigo, nome, descricao, ativo, created_at, updated_at) values ('d6aec6d6-a440-4a3f-a6be-889c01db10c3', 'HM', 'Hora Máquina', 'Indicador de controle de horas de máquina', true, '2026-03-23T18:52:45.208Z', '2026-03-23T18:52:45.208Z') on conflict (id) do nothing;

-- concremrh_tipos_indicadores_gerais (2 linhas)
insert into public.concremrh_tipos_indicadores_gerais (id, nome, codigo, descricao, ativo, created_at, updated_at) values ('480153b0-dfcb-4622-891c-ba7f5527781d', 'Quantidade de Kits', 'KITS', 'Quantidade de kits produzidos/vendidos', true, '2026-03-23T18:52:45.208Z', '2026-03-23T18:52:45.208Z') on conflict (id) do nothing;
insert into public.concremrh_tipos_indicadores_gerais (id, nome, codigo, descricao, ativo, created_at, updated_at) values ('830e3bab-2e1c-4162-af37-1824f65cff09', 'Faturamento', 'FAT', 'Indicador de faturamento mensal da empresa', true, '2026-03-23T18:52:45.208Z', '2026-03-23T18:52:45.208Z') on conflict (id) do nothing;

-- concremrh_configuracoes_kits (2 linhas)
insert into public.concremrh_configuracoes_kits (id, vigencia_inicio, minimo_kits, incremento_faixa, max_faixas, bonus_base, bonus_por_faixa, ativo, created_at, updated_at) values ('395ce7c6-2729-444a-84e0-2b9f1827536a', '2000-01', 10000, 250, 44, '100', '25', true, '2026-06-24T17:28:56.205Z', '2026-06-24T17:28:56.205Z') on conflict (id) do nothing;
insert into public.concremrh_configuracoes_kits (id, vigencia_inicio, minimo_kits, incremento_faixa, max_faixas, bonus_base, bonus_por_faixa, ativo, created_at, updated_at) values ('982e8384-d877-4f1d-b685-7eda74461d53', '2026-05', 11000, 250, 44, '100', '25', true, '2026-06-24T17:29:54.210Z', '2026-06-24T17:29:54.210Z') on conflict (id) do nothing;

-- concremrh_categorias (5 linhas)
insert into public.concremrh_categorias (id, nome, descricao, cor, ativo, created_at, updated_at) values ('698f39c8-8627-4c31-8696-78ebb0e28b0b', 'SUPERVISOR', NULL, NULL, true, '2026-03-23T19:38:47.241Z', '2026-03-23T19:38:47.241Z') on conflict (id) do nothing;
insert into public.concremrh_categorias (id, nome, descricao, cor, ativo, created_at, updated_at) values ('72a66207-7adb-4ecf-9029-58ee8c80fa51', 'GERENTE', NULL, NULL, true, '2026-03-23T19:38:40.001Z', '2026-03-23T19:38:40.001Z') on conflict (id) do nothing;
insert into public.concremrh_categorias (id, nome, descricao, cor, ativo, created_at, updated_at) values ('91942dcc-e13d-4009-9d4c-6b9b13da44b3', 'AUXILIAR', NULL, NULL, true, '2026-03-23T19:38:31.768Z', '2026-03-23T19:38:31.768Z') on conflict (id) do nothing;
insert into public.concremrh_categorias (id, nome, descricao, cor, ativo, created_at, updated_at) values ('bab556fe-804a-43d4-935d-27e251fe3e43', 'ENCARREGADO', NULL, NULL, true, '2026-03-23T19:38:35.841Z', '2026-03-23T19:38:35.841Z') on conflict (id) do nothing;
insert into public.concremrh_categorias (id, nome, descricao, cor, ativo, created_at, updated_at) values ('da27e7ca-0a37-47aa-b376-43fc09f685de', 'SUBGERENTE', NULL, NULL, true, '2026-03-23T19:38:43.893Z', '2026-03-23T19:38:43.893Z') on conflict (id) do nothing;

-- concremrh_base_premiacao (7 linhas)
insert into public.concremrh_base_premiacao (id, nome, descricao, valor_base, tipo, ativo, created_at, updated_at) values ('3d17c2a8-fb56-4dd1-b247-efc45c15ed85', 'KIT 200%', NULL, '100.00', 'percentual', true, '2026-03-24T22:05:48.393Z', '2026-03-24T22:05:48.393Z') on conflict (id) do nothing;
insert into public.concremrh_base_premiacao (id, nome, descricao, valor_base, tipo, ativo, created_at, updated_at) values ('7b9b4c0a-b11a-4d73-aa15-fbb8980e0122', 'KIT 50%', NULL, '100.00', 'percentual', true, '2026-03-24T17:23:34.163Z', '2026-03-24T17:23:34.163Z') on conflict (id) do nothing;
insert into public.concremrh_base_premiacao (id, nome, descricao, valor_base, tipo, ativo, created_at, updated_at) values ('ac48c880-d0bd-4eb9-ad5a-d684ca6da14c', 'KIT 75%', NULL, '100.00', 'percentual', true, '2026-03-24T17:43:06.557Z', '2026-03-24T17:43:06.557Z') on conflict (id) do nothing;
insert into public.concremrh_base_premiacao (id, nome, descricao, valor_base, tipo, ativo, created_at, updated_at) values ('accd9ee7-b6e1-47e6-ae18-2ce479605075', 'KIT 100%', NULL, '100.00', 'percentual', true, '2026-03-24T17:43:15.785Z', '2026-03-24T17:43:15.785Z') on conflict (id) do nothing;
insert into public.concremrh_base_premiacao (id, nome, descricao, valor_base, tipo, ativo, created_at, updated_at) values ('ca0f1a66-4710-4a33-937f-098dd9b5bc6f', 'KIT 25%', NULL, '100.00', 'percentual', true, '2026-03-24T17:42:55.426Z', '2026-03-24T17:42:55.426Z') on conflict (id) do nothing;
insert into public.concremrh_base_premiacao (id, nome, descricao, valor_base, tipo, ativo, created_at, updated_at) values ('e9730339-374d-414e-a662-da225270b115', 'PRODUÇÃO', NULL, '100.00', 'percentual', true, '2026-03-23T20:16:26.885Z', '2026-03-23T20:16:26.885Z') on conflict (id) do nothing;
insert into public.concremrh_base_premiacao (id, nome, descricao, valor_base, tipo, ativo, created_at, updated_at) values ('f4bc6884-03a2-4ca9-92ef-1adf2063af23', 'KITS', NULL, '100.00', 'percentual', true, '2026-03-23T20:16:18.099Z', '2026-03-23T20:16:18.099Z') on conflict (id) do nothing;

-- concremrh_formulas_calculo (7 linhas)
insert into public.concremrh_formulas_calculo (id, categoria_id, base_premiacao_id, nome, descricao, peso_producao_setor, peso_epi, peso_faltas, peso_advertencias, peso_dss, ativo, created_at, updated_at, peso_faturamento, peso_itens_nc, peso_tratamento_nc, peso_hora_maquina, peso_operacao_segura, peso_limpeza, multiplicador_kits) values ('0461688d-4c1e-4f03-ad21-564fdd6a4679', 'bab556fe-804a-43d4-935d-27e251fe3e43', '3d17c2a8-fb56-4dd1-b247-efc45c15ed85', 'ENCARREGADO KIT', NULL, '0', '35', '25', '15', '25', true, '2026-04-27T14:26:10.973Z', '2026-04-27T14:26:26.000Z', '0', '0', '0', '0', '0', '0', '1') on conflict (id) do nothing;
insert into public.concremrh_formulas_calculo (id, categoria_id, base_premiacao_id, nome, descricao, peso_producao_setor, peso_epi, peso_faltas, peso_advertencias, peso_dss, ativo, created_at, updated_at, peso_faturamento, peso_itens_nc, peso_tratamento_nc, peso_hora_maquina, peso_operacao_segura, peso_limpeza, multiplicador_kits) values ('2e649ff5-5052-4a81-a430-1f40be393505', '91942dcc-e13d-4009-9d4c-6b9b13da44b3', 'f4bc6884-03a2-4ca9-92ef-1adf2063af23', 'KIT AUXILIAR 50%', NULL, '0', '35', '25', '15', '25', true, '2026-03-24T17:18:20.827Z', '2026-03-24T17:18:20.827Z', '0', '0', '0', '0', '0', '0', '0.5') on conflict (id) do nothing;
insert into public.concremrh_formulas_calculo (id, categoria_id, base_premiacao_id, nome, descricao, peso_producao_setor, peso_epi, peso_faltas, peso_advertencias, peso_dss, ativo, created_at, updated_at, peso_faturamento, peso_itens_nc, peso_tratamento_nc, peso_hora_maquina, peso_operacao_segura, peso_limpeza, multiplicador_kits) values ('3499f0fd-bbf3-4bbd-a7bf-30715b391c3a', 'bab556fe-804a-43d4-935d-27e251fe3e43', 'e9730339-374d-414e-a662-da225270b115', 'ENCARREGADO PRODUCAO', NULL, '30', '10', '10', '3', '10', true, '2026-03-24T11:43:40.586Z', '2026-03-24T11:43:40.586Z', '20', '5', '3', '3', '3', '3', '1.0') on conflict (id) do nothing;
insert into public.concremrh_formulas_calculo (id, categoria_id, base_premiacao_id, nome, descricao, peso_producao_setor, peso_epi, peso_faltas, peso_advertencias, peso_dss, ativo, created_at, updated_at, peso_faturamento, peso_itens_nc, peso_tratamento_nc, peso_hora_maquina, peso_operacao_segura, peso_limpeza, multiplicador_kits) values ('3dfc2279-571e-4442-857d-20621186c4b3', '698f39c8-8627-4c31-8696-78ebb0e28b0b', 'accd9ee7-b6e1-47e6-ae18-2ce479605075', 'SUPERVISOR KIT', NULL, '0', '35', '25', '15', '25', true, '2026-04-27T14:25:11.361Z', '2026-04-27T14:25:11.361Z', '0', '0', '0', '0', '0', '0', '1') on conflict (id) do nothing;
insert into public.concremrh_formulas_calculo (id, categoria_id, base_premiacao_id, nome, descricao, peso_producao_setor, peso_epi, peso_faltas, peso_advertencias, peso_dss, ativo, created_at, updated_at, peso_faturamento, peso_itens_nc, peso_tratamento_nc, peso_hora_maquina, peso_operacao_segura, peso_limpeza, multiplicador_kits) values ('7bc48619-2f26-4a7e-b3f7-0fc0815e42fc', NULL, 'f4bc6884-03a2-4ca9-92ef-1adf2063af23', 'Auxiliar - KITS', 'Fórmula de cálculo para categoria Auxiliar com base KITS', '0', '35', '25', '15', '25', true, '2026-03-23T18:52:45.208Z', '2026-03-24T00:55:21.448Z', '0', '0', '0', '0', '0', '0', '1.0') on conflict (id) do nothing;
insert into public.concremrh_formulas_calculo (id, categoria_id, base_premiacao_id, nome, descricao, peso_producao_setor, peso_epi, peso_faltas, peso_advertencias, peso_dss, ativo, created_at, updated_at, peso_faturamento, peso_itens_nc, peso_tratamento_nc, peso_hora_maquina, peso_operacao_segura, peso_limpeza, multiplicador_kits) values ('854c70ab-98de-4ee7-b1f6-22273c880a88', NULL, NULL, 'Auxiliar - PRODUÇÃO', 'Fórmula de cálculo para categoria Auxiliar com base PRODUÇÃO', '60', '15', '10', '5', '10', true, '2026-03-23T18:52:45.208Z', '2026-03-23T18:52:45.208Z', '0', '0', '0', '0', '0', '0', '1.0') on conflict (id) do nothing;
insert into public.concremrh_formulas_calculo (id, categoria_id, base_premiacao_id, nome, descricao, peso_producao_setor, peso_epi, peso_faltas, peso_advertencias, peso_dss, ativo, created_at, updated_at, peso_faturamento, peso_itens_nc, peso_tratamento_nc, peso_hora_maquina, peso_operacao_segura, peso_limpeza, multiplicador_kits) values ('be2dc74c-99cf-4b1f-9fdd-21e23c3419b2', '698f39c8-8627-4c31-8696-78ebb0e28b0b', 'e9730339-374d-414e-a662-da225270b115', 'SUPERVISÃO PRODUCAO', NULL, '30', '10', '10', '3', '10', true, '2026-03-24T01:12:31.918Z', '2026-03-24T01:17:11.682Z', '20', '5', '3', '3', '3', '3', '1.0') on conflict (id) do nothing;

